tweet, sentiment
"CM @ncbn held a meeting with the Council of Ministers on Friday, where sanctioning of houses to working journalists was approved under NTR Urban Housing and BLC 2017.
",1
"Through the NTR Housing Scheme, government of AP is working towards constructing 19 Lac houses by 2019. We will ensure that shelter and a good lifestyle is provided to every citizen of the State. ",1
"Prioritising the welfare of the poor, AP govt has sanctioned 3 Lac houses with all facilities in the 2nd phase of the NTR housing scheme. ",1
‡∞Ö‡∞ß‡∞ø‡∞ï‡∞æ‡∞∞‡∞Ç ‡∞ö‡±á‡∞™‡∞ü‡±ç‡∞ü‡∞ø‡∞® ‡∞Æ‡∞∞‡±Å‡∞ï‡±ç‡∞∑‡∞£‡∞Ç ‡∞®‡±Å‡∞Ç‡∞°‡∞ø ‡∞™‡±á‡∞¶‡∞≤ ‡∞∏‡∞Ç‡∞ï‡±ç‡∞∑‡±á‡∞Æ‡∞Ç ‡∞ï‡±ã‡∞∏‡∞Ç ‡∞ï‡±É‡∞∑‡∞ø ‡∞ö‡±á‡∞∏‡±ç‡∞§‡±Ç.. ‡∞™‡±á‡∞¶‡∞µ‡∞æ‡∞°‡∞ø ‡∞∏‡±ä‡∞Ç‡∞§‡∞ø‡∞Ç‡∞ü‡∞ø ‡∞ï‡∞≤‡∞®‡±Å ‡∞®‡∞ø‡∞ú‡∞Ç ‡∞ö‡±á‡∞∏‡±ç‡∞§‡±Ç.. ‡∞∞‡±Ü‡∞Ç‡∞°‡∞µ ‡∞¶‡∞∂‡∞≤‡±ã ‡∞™‡∞•‡∞ï‡∞æ‡∞≤ ‡∞µ‡∞æ‡∞∞‡±Ä‡∞ó‡∞æ ‡∞Æ‡±á‡∞Æ‡±Å ‡∞™‡±Ç‡∞∞‡±ç‡∞§‡∞ø ‡∞ö‡±á‡∞∏‡∞ø ‡∞Ö‡∞Ç‡∞¶‡∞ú‡±á‡∞∏‡∞ø‡∞® ‡∞™‡∞ï‡±ç‡∞ï‡∞æ ‡∞á‡∞≥‡±ç‡∞≤‡±Å. ,1
"‡∞ü‡±Ü‡∞ï‡±ç‡∞®‡∞æ‡∞≤‡∞ú‡±Ä‡∞®‡∞ø ‡∞∏‡∞Æ‡∞∞‡±ç‡∞ß‡∞µ‡∞Ç‡∞§‡∞Ç‡∞ó‡∞æ ‡∞â‡∞™‡∞Ø‡±ã‡∞ó‡∞ø‡∞Ç‡∞ö‡±Å‡∞ï‡±Å‡∞Ç‡∞ü‡±Å‡∞®‡±ç‡∞®‡∞æ‡∞Ç. ‡∞™‡±ç‡∞∞‡∞§‡∞ø‡∞ï‡±Ç‡∞≤ ‡∞™‡∞∞‡∞ø‡∞∏‡±ç‡∞•‡∞ø‡∞§‡±Å‡∞≤‡±ç‡∞≤‡±ã ‡∞ï‡±Ç‡∞°‡∞æ ‡∞Ö‡∞§‡±ç‡∞Ø‡±Å‡∞§‡±ç‡∞§‡∞Æ ‡∞´‡∞≤‡∞ø‡∞§‡∞æ‡∞≤‡±Å ‡∞∏‡∞æ‡∞ß‡∞ø‡∞Ç‡∞ö‡∞æ‡∞Æ‡±Å. ‡∞®‡±Ç‡∞∞‡±Å ‡∞∂‡∞æ‡∞§‡∞Ç ‡∞ó‡±ç‡∞Ø‡∞æ‡∞∏‡±ç ‡∞ï‡∞®‡±Ü‡∞ï‡±ç‡∞∑‡∞®‡±ç‡∞≤‡±Å ‡∞á‡∞ö‡±ç‡∞ö‡∞ø, ‡∞∏‡∞Ç‡∞™‡±Ç‡∞∞‡±ç‡∞£ ‡∞ì‡∞°‡±Ä‡∞é‡∞´‡±ç ‡∞∏‡∞æ‡∞ß‡∞ø‡∞Ç‡∞ö‡∞æ‡∞Æ‡±Å. ‡∞µ‡±Ä‡∞ü‡∞ø‡∞§‡±ã‡∞™‡∞æ‡∞ü‡±á ‡∞®‡∞ø‡∞∞‡±ç‡∞¶‡±á‡∞∂‡∞ø‡∞Ç‡∞ö‡±Å‡∞ï‡±Å‡∞®‡±ç‡∞® ‡∞Ö‡∞®‡±ç‡∞®‡∞ø ‡∞≤‡∞ï‡±ç‡∞∑‡±ç‡∞Ø‡∞æ‡∞≤‡∞®‡±Å ‡∞∏‡∞æ‡∞ß‡∞ø‡∞Ç‡∞ö‡±á‡∞Ç‡∞¶‡±Å‡∞ï‡±Å ‡∞µ‡∞ø‡∞≠‡∞æ‡∞ó‡∞æ‡∞ß‡∞ø‡∞™‡∞§‡±Å‡∞≤‡±Å, ‡∞ï‡∞æ‡∞∞‡±ç‡∞Ø‡∞¶‡∞∞‡±ç‡∞∂‡±Å‡∞≤‡±Å, ‡∞ï‡∞≤‡±Ü‡∞ï‡±ç‡∞ü‡∞∞‡±ç‡∞≤‡±Å ‡∞Æ‡∞∞‡∞ø‡∞Ç‡∞§ ‡∞ï‡±É‡∞∑‡∞ø ‡∞ö‡±á‡∞Ø‡∞æ‡∞≤‡∞ø. ",2
"Follow the link for live updates from the Video Conference with Secretaries, HODs &amp; Collectors.
",1
"‡∞™‡±ç‡∞∞‡∞ú‡∞≤‡∞Ç‡∞¶‡∞∞‡±Ç ‡∞é‡∞Ç‡∞§‡±ã ‡∞Ü‡∞∏‡∞ï‡±ç‡∞§‡∞ø‡∞ó‡∞æ ‡∞é‡∞¶‡±Å‡∞∞‡±Å ‡∞ö‡±Ç‡∞∏‡±ç‡∞§‡±ã‡∞®‡±ç‡∞® ‡∞™‡±ç‡∞∞‡∞æ‡∞ú‡±Ü‡∞ï‡±ç‡∞ü‡±Å ‡∞µ‡∞ø‡∞ú‡∞Ø‡∞µ‡∞æ‡∞° ‡∞ï‡∞®‡∞ï‡∞¶‡±Å‡∞∞‡±ç‡∞ó ‡∞´‡±ç‡∞≤‡±à ‡∞ì‡∞µ‡∞∞‡±ç. ‡∞á‡∞™‡±ç‡∞™‡∞ü‡∞ø ‡∞µ‡∞∞‡∞ï‡±Å 70% ‡∞∂‡∞æ‡∞§‡∞Ç ‡∞®‡∞ø‡∞∞‡±ç‡∞Æ‡∞æ‡∞£‡∞Ç ‡∞™‡±Ç‡∞∞‡±ç‡∞§‡∞Ø‡±ç‡∞Ø‡∞ø‡∞Ç‡∞¶‡∞ø.  ‡∞∏‡∞Ç‡∞ï‡±ç‡∞∞‡∞æ‡∞Ç‡∞§‡∞ø ‡∞ï‡∞≤‡±ç‡∞≤‡∞æ ‡∞´‡±ç‡∞≤‡±à ‡∞ì‡∞µ‡∞∞‡±ç‚Äå‚Äå‡∞®‡±Å ‡∞™‡±Ç‡∞∞‡±ç‡∞§‡∞ø ‡∞ö‡±á‡∞∏‡∞ø ‡∞Ö‡∞Ç‡∞¶‡±Å‡∞¨‡∞æ‡∞ü‡±Å‡∞≤‡±ã‡∞ï‡∞ø ‡∞§‡±Ä‡∞∏‡±Å‡∞ï‡±ä‡∞ö‡±ç‡∞ö‡±á‡∞≤‡∞æ ‡∞ö‡∞∞‡±ç‡∞Ø‡∞≤‡±Å ‡∞ö‡±á‡∞™‡∞ü‡±ç‡∞ü‡∞æ‡∞≤‡∞®‡∞ø ‡∞Ö‡∞¶‡±á‡∞∂‡∞ø‡∞Ç‡∞ö‡∞æ‡∞®‡±Å.
",1
"Inaugurated 3 Lac houses under the NTR Housing Scheme at IGM Stadium, Vijayawada today. Houses with geo-tagging will provide shelter to the needy in Andhra Pradesh through this scheme. We aim at building 19 Lac houses with an investment of Rs. 50,000 Cr by the year 2019. ",1
"‡∞®‡±á‡∞®‡±Å ‡∞ï‡±Å‡∞≤‡∞æ‡∞®‡±ç‡∞®‡∞ø ‡∞ö‡±Ç‡∞°‡∞≤‡±á‡∞¶‡±Å.. ‡∞™‡±ç‡∞∞‡∞æ‡∞Ç‡∞§‡∞æ‡∞®‡±ç‡∞®‡∞ø, ‡∞Æ‡∞§‡∞æ‡∞≤‡∞®‡±Ç ‡∞ö‡±Ç‡∞°‡∞≤‡±á‡∞¶‡±Å. ‡∞™‡±á‡∞¶‡∞∞‡∞ø‡∞ï‡∞Ç ‡∞Æ‡∞æ‡∞§‡±ç‡∞∞‡∞Æ‡±á ‡∞ö‡±Ç‡∞∂‡∞æ‡∞®‡±Å. ‡∞Ö‡∞Ç‡∞¶‡∞∞‡∞ø ‡∞∏‡∞π‡∞ï‡∞æ‡∞∞‡∞Ç‡∞§‡±ã ‡∞ì ‡∞ü‡±Ä‡∞Æ‡±ç ‡∞≤‡±Ä‡∞°‡∞∞‡±ç‚Äå‡∞ó‡∞æ ‡∞â‡∞Ç‡∞°‡∞ø ‡∞è‡∞Ø‡±á ‡∞™‡∞®‡±Å‡∞≤‡±Å ‡∞ö‡±á‡∞Ø‡∞æ‡∞≤‡∞®‡±ç‡∞®‡∞¶‡∞ø ‡∞®‡∞ø‡∞∞‡±ç‡∞£‡∞Ø‡∞ø‡∞Ç‡∞ö‡∞ø ‡∞Ö‡∞Æ‡∞≤‡±Å ‡∞ö‡±á‡∞∏‡±á ‡∞¨‡∞æ‡∞ß‡±ç‡∞Ø‡∞§‡∞®‡±Å ‡∞á‡∞ö‡±ç‡∞ö‡∞æ‡∞®‡±Å. ‡∞¶‡∞æ‡∞®‡∞ø ‡∞´‡∞≤‡∞ø‡∞§‡∞Æ‡±á ‡∞á‡∞™‡±ç‡∞™‡±Å‡∞°‡±Å ‡∞≤‡∞ï‡±ç‡∞∑‡∞≤‡∞æ‡∞¶‡∞ø ‡∞ï‡∞≥‡±ç‡∞≥‡∞≤‡±ç‡∞≤‡±ã ‡∞ï‡∞®‡∞ø‡∞™‡∞ø‡∞∏‡±ç‡∞§‡±ã‡∞®‡±ç‡∞® ‡∞à ‡∞Ü‡∞®‡∞Ç‡∞¶‡∞Ç. ",2
"‡∞Æ‡±á‡∞Æ‡±Å ‡∞®‡∞ø‡∞∞‡±ç‡∞Æ‡∞ø‡∞Ç‡∞ö‡∞ø‡∞® 3 ‡∞≤‡∞ï‡±ç‡∞∑‡∞≤ ‡∞á‡∞≥‡±ç‡∞≤‡∞≤‡±ã ‡∞™‡±ç‡∞∞‡∞§‡∞ø ‡∞á‡∞Ç‡∞ü‡∞ø ‡∞¶‡∞ó‡±ç‡∞ó‡∞∞‡∞æ ‡∞∞‡±Ü‡∞Ç‡∞°‡±Å ‡∞Æ‡±ä‡∞ï‡±ç‡∞ï‡∞≤‡±Å ‡∞®‡∞æ‡∞ü‡∞æ‡∞≤‡∞®‡∞ø ‡∞≤‡∞ï‡±ç‡∞∑‡±ç‡∞Ø‡∞æ‡∞®‡±ç‡∞®‡∞ø ‡∞®‡∞ø‡∞∞‡±ç‡∞¶‡±á‡∞∂‡∞ø‡∞Ç‡∞ö‡∞æ‡∞Ç. ‡∞á‡∞™‡±ç‡∞™‡±Å‡∞°‡±Å ‡∞á‡∞≥‡±ç‡∞≤‡∞≤‡±ç‡∞≤‡±ã‡∞ï‡∞ø ‡∞µ‡±Ü‡∞≥‡±ç‡∞≤‡∞ø‡∞® ‡∞≤‡∞¨‡±ç‡∞¶‡∞ø‡∞¶‡∞æ‡∞∞‡±Å‡∞≤‡±ç‡∞≤‡±ã ‡∞≠‡∞æ‡∞∞‡±ç‡∞Ø, ‡∞≠‡∞∞‡±ç‡∞§ ‡∞á‡∞¶‡±ç‡∞¶‡∞∞‡±Ç ‡∞ö‡±Ü‡∞∞‡±ä‡∞ï ‡∞Æ‡±ä‡∞ï‡±ç‡∞ï ‡∞®‡∞æ‡∞ü‡∞æ‡∞≤‡∞ø. ‡∞Ü ‡∞Æ‡±ä‡∞ï‡±ç‡∞ï‡∞≤‡∞®‡±Å ‡∞ï‡±Ç‡∞°‡∞æ ‡∞ó‡±É‡∞π ‡∞®‡∞ø‡∞∞‡±ç‡∞Æ‡∞æ‡∞£ ‡∞∏‡∞Ç‡∞∏‡±ç‡∞• ‡∞â‡∞ö‡∞ø‡∞§‡∞Ç‡∞ó‡∞æ ‡∞Ö‡∞Ç‡∞¶‡∞ø‡∞∏‡±ç‡∞§‡±Å‡∞Ç‡∞¶‡∞ø. ",1
‡∞Æ‡±Ä ‡∞Ö‡∞Ç‡∞¶‡∞∞‡∞ø ‡∞Æ‡∞®‡∞∏‡±Å‡∞≤‡±ç‡∞≤‡±ã ‡∞Ü‡∞®‡∞Ç‡∞¶‡∞Ç ‡∞®‡∞ø‡∞Ç‡∞™‡∞ø ‡∞∞‡∞æ‡∞∑‡±ç‡∞ü‡±ç‡∞∞‡∞Ç‡∞≤‡±ã ‡∞®‡±Ç‡∞§‡∞® ‡∞Ö‡∞ß‡±ç‡∞Ø‡∞æ‡∞Ø‡∞æ‡∞®‡∞ø‡∞ï‡∞ø ‡∞∂‡±ç‡∞∞‡±Ä‡∞ï‡∞æ‡∞∞‡∞Ç ‡∞ö‡±Å‡∞ü‡±ç‡∞ü‡∞ø‡∞® ‡∞Ü‡∞Ç‡∞ß‡±ç‡∞∞‡∞™‡±ç‡∞∞‡∞¶‡±á‡∞∂‡±ç ‡∞ó‡±É‡∞π ‡∞®‡∞ø‡∞∞‡±ç‡∞Æ‡∞æ‡∞£ ‡∞∏‡∞Ç‡∞∏‡±ç‡∞• ‡∞®‡±á‡∞°‡±Å 40‡∞µ ‡∞∏‡∞Ç‡∞µ‡∞§‡±ç‡∞∏‡∞∞‡∞Ç‡∞≤‡±ã‡∞ï‡∞ø ‡∞™‡±ç‡∞∞‡∞µ‡±á‡∞∂‡∞ø‡∞∏‡±ç‡∞§‡±ã‡∞Ç‡∞¶‡∞ø. ‡∞à ‡∞∏‡∞Ç‡∞¶‡∞∞‡±ç‡∞≠‡∞Ç‡∞ó‡∞æ ‡∞∏‡∞Ç‡∞∏‡±ç‡∞•‡∞≤‡±ã ‡∞®‡∞æ‡∞≤‡±Å‡∞ó‡±Å ‡∞¶‡∞∂‡∞æ‡∞¨‡±ç‡∞¶‡∞æ‡∞≤‡±Å‡∞ó‡∞æ ‡∞∏‡±á‡∞µ‡∞≤‡∞Ç‡∞¶‡∞ø‡∞∏‡±ç‡∞§‡±Å‡∞®‡±ç‡∞® ‡∞™‡±ç‡∞∞‡∞§‡∞ø ‡∞í‡∞ï‡±ç‡∞ï‡∞∞‡∞ø‡∞®‡±Ä ‡∞Æ‡∞®‡∞∏‡±ç‡∞´‡±Ç‡∞∞‡±ç‡∞§‡∞ø‡∞ó‡∞æ ‡∞Ö‡∞≠‡∞ø‡∞®‡∞Ç‡∞¶‡∞ø‡∞∏‡±ç‡∞§‡±Å‡∞®‡±ç‡∞®‡∞æ‡∞®‡±Å. ,2
"‡∞ó‡∞§ ‡∞è‡∞°‡∞æ‡∞¶‡∞ø 9,835 ‡∞ó‡±ç‡∞∞‡∞æ‡∞Æ‡∞æ‡∞≤‡±Å, 884 ‡∞µ‡∞æ‡∞∞‡±ç‡∞°‡±Å‡∞≤‡±ç‡∞≤‡±ã ‡∞∏‡∞æ‡∞Æ‡±Ç‡∞π‡∞ø‡∞ï ‡∞ó‡±É‡∞π ‡∞™‡±ç‡∞∞‡∞µ‡±á‡∞∂‡∞æ‡∞≤‡±Å ‡∞ú‡∞∞‡∞ø‡∞™‡∞æ‡∞Æ‡±Å. ‡∞é‡∞ï‡±ç‡∞ï‡∞°‡∞æ ‡∞¶‡∞æ‡∞™‡∞∞‡∞ø‡∞ï‡∞Ç ‡∞≤‡±á‡∞¶‡±Å, ‡∞Ö‡∞ï‡±ç‡∞∞‡∞Æ‡∞æ‡∞≤‡±Å ‡∞≤‡±á‡∞µ‡±Å. ‡∞Ö‡∞Ç‡∞§‡∞æ ‡∞™‡∞æ‡∞∞‡∞¶‡∞∞‡±ç‡∞∂‡∞ï ‡∞µ‡∞ø‡∞ß‡∞æ‡∞®‡∞Ç ‡∞™‡∞æ‡∞ü‡∞ø‡∞∏‡±ç‡∞§‡±Å‡∞®‡±ç‡∞®‡∞æ‡∞Ç. ‡∞≤‡∞¨‡±ç‡∞¶‡∞ø‡∞¶‡∞æ‡∞∞‡±Å‡∞≤‡∞Ç‡∞¶‡∞∞‡∞ø ‡∞µ‡∞ø‡∞µ‡∞∞‡∞æ‡∞≤‡±Å ‡∞µ‡±Ü‡∞¨‡±ç‚Äå‡∞∏‡±à‡∞ü‡±ç‚Äå‡∞≤‡±ã ‡∞®‡∞Æ‡±ã‡∞¶‡±Å ‡∞ö‡±á‡∞∂‡∞æ‡∞Ç. ‡∞Æ‡±ä‡∞§‡±ç‡∞§‡∞Ç ‡∞á‡∞≥‡±ç‡∞≤ ‡∞´‡±ä‡∞ü‡±ã‡∞≤‡∞®‡±ç‡∞®‡±Ä ‡∞Ö‡∞™‡±ç‚Äå‡∞≤‡±ã‡∞°‡±ç ‡∞ö‡±á‡∞Ø‡∞ø‡∞Ç‡∞ö‡∞æ‡∞Ç. ‡∞é‡∞µ‡∞∞‡±à‡∞®‡∞æ, ‡∞é‡∞™‡±ç‡∞™‡±Å‡∞°‡±à‡∞®‡∞æ ‡∞ö‡±Ü‡∞ï‡±ç ‡∞ö‡±á‡∞∏‡±Å‡∞ï‡±ã‡∞µ‡∞ö‡±ç‡∞ö‡±Å. ",1
‡∞¶‡±á‡∞∂‡∞Ç‡∞≤‡±ã ‡∞é‡∞™‡±ç‡∞™‡±Å‡∞°‡±Ç ‡∞é‡∞ï‡±ç‡∞ï‡∞°‡∞æ ‡∞ú‡∞∞‡∞ó‡∞®‡∞ø ‡∞í‡∞ï ‡∞Ö‡∞™‡±Ç‡∞∞‡±ç‡∞µ ‡∞ò‡∞ü‡±ç‡∞ü‡∞æ‡∞®‡∞ø‡∞ï‡∞ø ‡∞Ü‡∞Ç‡∞ß‡±ç‡∞∞‡∞™‡±ç‡∞∞‡∞¶‡±á‡∞∂‡±ç‚Äå ‡∞µ‡±á‡∞¶‡∞ø‡∞ï‡∞ó‡∞æ ‡∞®‡∞ø‡∞≤‡∞ø‡∞ö‡∞ø‡∞Ç‡∞¶‡∞ø. ‡∞í‡∞ï‡±á ‡∞∞‡±ã‡∞ú‡±Å ‡∞Æ‡±Ç‡∞°‡±Å ‡∞≤‡∞ï‡±ç‡∞∑‡∞≤ ‡∞ó‡±É‡∞π‡∞æ‡∞≤‡∞≤‡±ã ‡∞∏‡∞Ç‡∞§‡±ã‡∞∑‡∞æ‡∞≤ ‡∞µ‡±Ü‡∞≤‡±Å‡∞ó‡±Å‡∞≤‡±Å ‡∞ö‡±Ç‡∞°‡∞ü‡∞Ç ‡∞®‡∞æ ‡∞ú‡∞®‡±ç‡∞Æ‡∞ï‡±Å ‡∞∏‡∞∞‡∞ø‡∞™‡∞°‡∞æ ‡∞∏‡∞Ç‡∞§‡±ã‡∞∑‡∞æ‡∞®‡±ç‡∞®‡∞ø ‡∞Ö‡∞Ç‡∞¶‡∞ø‡∞Ç‡∞ö‡∞ø‡∞Ç‡∞¶‡∞ø. ‡∞á‡∞¶‡∞ø ‡∞™‡±á‡∞¶‡∞≤ ‡∞™‡±ç‡∞∞‡∞≠‡±Å‡∞§‡±ç‡∞µ‡∞Ç ‡∞Ö‡∞®‡∞ø ‡∞ö‡±Ü‡∞™‡±ç‡∞™‡±Å‡∞ï‡±ã‡∞µ‡∞°‡∞æ‡∞®‡∞ø‡∞ï‡∞ø ‡∞á‡∞Ç‡∞§‡∞ï‡∞Ç‡∞ü‡±á ‡∞§‡∞æ‡∞∞‡±ç‡∞ï‡∞æ‡∞£‡∞Æ‡±á ‡∞≤‡±á‡∞¶‡±Å. ,2
"Live from NTR Samuhika Gruha Pravesaalu launching from IGMS, Vijayawada, @krishnadgoap ",1
"‡∞≤‡±Ü‡∞´‡±ç‡∞ü‡∞ø‡∞®‡±Ü‡∞Ç‡∞ü‡±ç ‡∞ó‡∞µ‡∞∞‡±ç‡∞®‡∞∞‡±ç ‡∞µ‡∞ø‡∞ß‡±Å‡∞≤‡∞™‡±à ‡∞∏‡±Å‡∞™‡±ç‡∞∞‡±Ä‡∞Ç ‡∞ï‡±ã‡∞∞‡±ç‡∞ü‡±Å ‡∞§‡±Ä‡∞∞‡±ç‡∞™‡±Å ‡∞´‡±Ü‡∞°‡∞∞‡∞≤‡±ç ‡∞∏‡±ç‡∞´‡±Ç‡∞∞‡±ç‡∞§‡∞ø‡∞ï‡∞ø ‡∞Ö‡∞¶‡±ç‡∞¶‡∞Ç ‡∞™‡∞ü‡±ç‡∞ü‡∞ø‡∞Ç‡∞¶‡∞ø. ‡∞™‡±ç‡∞∞‡∞≠‡±Å‡∞§‡±ç‡∞µ ‡∞∏‡∞≤‡∞π‡∞æ ‡∞Æ‡±á‡∞∞‡∞ï‡±á ‡∞≤‡±Ü‡∞´‡±ç‡∞ü‡∞ø‡∞®‡±Ü‡∞Ç‡∞ü‡±ç ‡∞ó‡∞µ‡∞∞‡±ç‡∞®‡∞∞‡±ç ‡∞®‡∞ø‡∞∞‡±ç‡∞£‡∞Ø‡∞æ‡∞≤‡±Å ‡∞â‡∞Ç‡∞°‡∞æ‡∞≤‡∞ø, ‡∞∏‡∞ñ‡±ç‡∞Ø‡∞§‡∞§‡±ã ‡∞™‡∞®‡∞ø‡∞ö‡±á‡∞Ø‡∞æ‡∞≤‡∞ø, ‡∞∏‡±ç‡∞µ‡∞§‡∞Ç‡∞§‡±ç‡∞∞ ‡∞®‡∞ø‡∞∞‡±ç‡∞£‡∞Ø‡∞æ‡∞≤‡±Å ‡∞§‡±Ä‡∞∏‡±Å‡∞ï‡±ã‡∞ï‡±Ç‡∞°‡∞¶‡∞®‡±ç‡∞® ‡∞§‡±Ä‡∞∞‡±ç‡∞™‡±Å‡∞®‡±Å ‡∞∏‡±ç‡∞µ‡∞æ‡∞ó‡∞§‡∞ø‡∞∏‡±ç‡∞§‡±Å‡∞®‡±ç‡∞®‡∞æ‡∞Ç.",4
"‡∞µ‡∞ø‡∞ú‡∞Ø‡∞µ‡∞æ‡∞°-‡∞π‡±à‡∞¶‡∞∞‡∞æ‡∞¨‡∞æ‡∞¶‡±ç ‡∞ú‡∞æ‡∞§‡±Ä‡∞Ø ‡∞∞‡∞π‡∞¶‡∞æ‡∞∞‡∞ø‡∞®‡∞ø ‡∞Ö‡∞Æ‡∞∞‡∞æ‡∞µ‡∞§‡∞ø‡∞ï‡∞ø ‡∞Ö‡∞®‡±Å‡∞∏‡∞Ç‡∞ß‡∞æ‡∞®‡∞Ç ‡∞ö‡±á‡∞∏‡±ç‡∞§‡±Ç ‡∞ï‡±É‡∞∑‡±ç‡∞£‡∞æ‡∞®‡∞¶‡∞ø‡∞™‡±à ‡∞®‡∞ø‡∞∞‡±ç‡∞Æ‡∞ø‡∞Ç‡∞ö‡±á ‡∞°‡∞ú‡∞®‡±Å‡∞ï‡±Å ‡∞™‡±à‡∞ó‡∞æ ‡∞µ‡∞æ‡∞∞‡∞ß‡±Å‡∞≤‡±Å.. ‡∞µ‡∞æ‡∞ü‡∞ø‡∞®‡∞ø ‡∞∞‡∞æ‡∞ú‡∞ß‡∞æ‡∞®‡∞ø‡∞ï‡±á ‡∞Æ‡∞ï‡±Å‡∞ü‡∞æ‡∞Ø‡∞Æ‡∞æ‡∞®‡∞Ç‡∞ó‡∞æ ‡∞§‡±Ä‡∞∞‡±ç‡∞¶‡∞ø‡∞¶‡∞ø‡∞¶‡±ç‡∞¶‡±á‡∞≤‡∞æ ‡∞™‡∞ï‡±ç‡∞ï‡∞æ ‡∞™‡±ç‡∞∞‡∞£‡∞æ‡∞≥‡∞ø‡∞ï‡∞§‡±ã ‡∞Æ‡±Å‡∞Ç‡∞¶‡±Å‡∞ï‡±Ü‡∞≥‡±ç‡∞§‡±Ç..  
",1
‡∞™‡±ç‡∞∞‡∞≠‡±Å‡∞§‡±ç‡∞µ ‡∞®‡∞ø‡∞∏‡±ç‡∞µ‡∞æ‡∞∞‡±ç‡∞• ‡∞™‡∞æ‡∞≤‡∞®‡∞ï‡±Å ‡∞®‡∞ø‡∞¶‡∞∞‡±ç‡∞∂‡∞®‡∞Ç ‡∞ï‡∞∞‡±ç‡∞®‡±Ç‡∞≤‡±Å ‡∞®‡∞ó‡∞∞ ‡∞∂‡∞ø‡∞µ‡∞æ‡∞∞‡±Å‡∞≤‡±ã ‡∞ó‡∞≤ ‡∞î‡∞ü‡∞∞‡±ç ‡∞∞‡∞ø‡∞Ç‡∞ó‡±Å ‡∞∞‡±ã‡∞°‡±ç‡∞°‡±Å. ,2
"Inaugurated the Cancer Screening Bus today which will conduct medical tests in 9,930 villages. With medical support from @ManipalHealth, we will fight against cancer by using the latest technology for diagnosis of throat, uterus and breast cancer at an early stage. ",1
"‡∞≠‡∞æ‡∞∞‡∞§ ‡∞∏‡±ç‡∞µ‡∞æ‡∞§‡∞Ç‡∞§‡±ç‡∞∞‡±ã‡∞¶‡±ç‡∞Ø‡∞Æ‡∞Ç‡∞≤‡±ã ‡∞¨‡±ç‡∞∞‡∞ø‡∞ü‡±Ä‡∞∑‡±ç ‡∞™‡∞æ‡∞≤‡∞ï‡±Å‡∞≤‡∞®‡±Å ‡∞ó‡∞°‡∞ó‡∞°‡∞≤‡∞æ‡∞°‡∞ø‡∞Ç‡∞ö‡∞ø‡∞® ‡∞Æ‡∞®‡±ç‡∞Ø‡∞Ç ‡∞µ‡±Ä‡∞∞‡±Å‡∞°‡±Å ‡∞Ö‡∞≤‡±ç‡∞≤‡±Ç‡∞∞‡∞ø ‡∞∏‡±Ä‡∞§‡∞æ‡∞∞‡∞æ‡∞Æ‡∞∞‡∞æ‡∞ú‡±Å 121‡∞µ ‡∞ú‡∞Ø‡∞Ç‡∞§‡∞ø ‡∞∏‡∞Ç‡∞¶‡∞∞‡±ç‡∞≠‡∞Ç‡∞ó‡∞æ ‡∞ò‡∞® ‡∞®‡∞ø‡∞µ‡∞æ‡∞≥‡±Å‡∞≤‡∞∞‡±ç‡∞™‡∞ø‡∞∏‡±ç‡∞§‡±Å‡∞®‡±ç‡∞®‡∞æ‡∞Ç. ‡∞Ü ‡∞Æ‡∞π‡±ã‡∞ú‡±ç‡∞µ‡∞≤ ‡∞∂‡∞ï‡±ç‡∞§‡∞ø ‡∞∏‡±ç‡∞´‡±Ç‡∞∞‡±ç‡∞§‡∞ø‡∞ó‡∞æ ‡∞∞‡∞æ‡∞∑‡±ç‡∞ü‡±ç‡∞∞ ‡∞™‡±ç‡∞∞‡∞Ø‡±ã‡∞ú‡∞®‡∞æ‡∞≤‡±Å, ‡∞™‡±ç‡∞∞‡∞§‡±ç‡∞Ø‡±á‡∞ï ‡∞π‡±ã‡∞¶‡∞æ ‡∞ï‡±ã‡∞∏‡∞Ç ‡∞™‡±ã‡∞∞‡∞æ‡∞°‡∞§‡∞æ‡∞Ç. ",1
"‡∞∞‡∞æ‡∞∑‡±ç‡∞ü‡±ç‡∞∞‡∞Ç‡∞≤‡±ã ‡∞™‡∞∞‡∞ø‡∞∂‡±ç‡∞∞‡∞Æ‡∞≤ ‡∞è‡∞∞‡±ç‡∞™‡∞æ‡∞ü‡±Å‡∞®‡±Å ‡∞™‡±ç‡∞∞‡±ã‡∞§‡±ç‡∞∏‡∞π‡∞ø‡∞Ç‡∞ö‡±á‡∞Ç‡∞¶‡±Å‡∞ï‡±Å ‡∞í‡∞ï ‡∞µ‡∞ø‡∞ú‡∞®‡±ç‚Äå‡∞§‡±ã ‡∞Æ‡±Å‡∞Ç‡∞¶‡±Å‡∞ï‡±Ü‡∞≥‡±ç‡∞§‡±Å‡∞®‡±ç‡∞®‡∞æ‡∞Ç. ‡∞Ö‡∞ó‡±ç‡∞∞‡∞ó‡∞æ‡∞Æ‡∞ø‡∞ó‡∞æ ‡∞é‡∞¶‡∞ó‡∞°‡∞Ç, ‡∞¶‡∞∂‡∞≤‡∞µ‡∞æ‡∞∞‡±Ä ‡∞Ö‡∞≠‡∞ø‡∞µ‡±É‡∞¶‡±ç‡∞ß‡∞ø‡∞§‡±ã 15% ‡∞µ‡±É‡∞¶‡±ç‡∞ß‡∞ø ‡∞∞‡±á‡∞ü‡±Å ‡∞∏‡∞æ‡∞ß‡∞ø‡∞Ç‡∞ö‡∞ü‡∞Ç ‡∞Æ‡∞® ‡∞≤‡∞ï‡±ç‡∞∑‡±ç‡∞Ø‡∞Ç. ‡∞á‡∞Ç‡∞¶‡±Å‡∞ï‡±Å ‡∞™‡∞æ‡∞∞‡∞ø‡∞∂‡±ç‡∞∞‡∞æ‡∞Æ‡∞ø‡∞ï ‡∞µ‡±á‡∞§‡±ç‡∞§‡∞≤ ‡∞Æ‡∞¶‡±ç‡∞¶‡∞§‡±Å, ‡∞∏‡∞π‡∞ï‡∞æ‡∞∞‡∞Ç ‡∞ï‡∞æ‡∞µ‡∞æ‡∞≤‡∞ø.
",1
TDP has conveniently forgotten what they had done in  past about ‚ÄòSpl category status.‚Äô , 0
"My Daughter ‚Äò Polina Anjani‚Äô beside ‚ÄòChe‚Äô wax statue in St.Peterberg museum.When I was doing my intermediate first year(  Nellore,I read about Che‚Äôs life &amp; strangely, ever since..his presence somehow &amp; somewhere seeps into my life.I always wonder!Why? ", 1
"With my brothers &amp; sisters , I was in 7th class  in Nellore, it was taken after I had just recovered from  prolonged bronchitis. ", 1
"1st Land grabbing case which was reported to SIT but the report is still lying on the table of Hon. CM.Sri CBN garu.  Why is the delay? UttaraAndhra people, senior citizens &amp; intellectuals don‚Äôt understand. ", 
, 0
A brief note on Sri C.S.Rao. He‚Äôs a great champion defending the fundamental rights of people.His Love &amp; passion for the well-being of the country &amp; UttaraAndhra deeply moved me even at this ripe old age of 92 from the hospital bed. I truly wish ‚ÄòSri Chaganti Sundar Rao garu to recover soon. , 2
"Visited Sri C.S Rao former IES officer who worked in Planning Commission. A great man who fights for the backwardness of UttaraAndhra. He participated in the agitation for Rly Zone, Environment protection and backwardness of the region. ", 2
"I want Janasainiks to know,Hon PM Sri Narendra Modi ji started with 10% vote share ,American president Mr.Donald trump started with 10% vote share &amp;JSP started with 10% vote share( as per the ruling party poll) its a good beginning let‚Äôs get the necessary vote share to form Govt.", 4
My commitment to fight against UttaraAndhra backwardness has increased multifold after speaking to such scholarly people. 
From (R-L) Sri KV Ramana(former VC of AU) Sri KS.Chalam( Former VC Kuppam University) Sri N.Prakas Rao( AVN college former principal) Sri N.Kalyan Rao( Ambedkar Bhavan President) Sri shiva Shankar( Senior Journalist) , 1
"Just finished meeting with UttaraAndhra intellectuals. Two key points which came out of our meeting - ‡∞µ‡∞®‡∞∞‡±Å‡∞≤‡±Å ‡∞Æ‡∞æ‡∞µ‡∞æ ? ‡∞Ö‡∞≠‡∞ø‡∞µ‡±É‡∞¶‡±ç‡∞ß‡∞ø ‡∞µ‡∞æ‡∞≥‡±ç‡∞≥‡∞ï‡∞æ ? ( ‡∞™‡∞æ‡∞≤‡∞ï ‡∞µ‡∞∞‡±ç‡∞ó‡∞æ‡∞≤‡∞ï‡∞æ?) 
‡∞ï‡±Å‡∞ü‡±Å‡∞Ç‡∞¨‡∞æ‡∞≤‡±Å ‡∞¨‡∞æ‡∞ó‡±Å‡∞™‡∞°‡±Å‡∞§‡±Å‡∞®‡±ç‡∞®‡∞æ‡∞Ø‡∞ø ‡∞ï‡∞æ‡∞®‡±Ä ‡∞ï‡±Å‡∞≤‡∞æ‡∞≤‡±Å ‡∞¨‡∞æ‡∞ó‡±Å‡∞™‡∞°‡∞ü‡±ç‡∞≤‡±á‡∞¶‡±Å.. ", 0
‡∞â‡∞§‡±ç‡∞§‡∞∞‡∞æ‡∞Ç‡∞ß‡±ç‡∞∞ ‡∞¶‡±ã‡∞™‡∞ø‡∞°‡±Ä ‡∞≤‡±ã ‡∞≠‡∞æ‡∞ó‡∞Ç ‡∞ó‡∞æ ‡∞µ‡∞ø‡∞Æ‡±ç‡∞∏‡±ç ‡∞®‡∞ø ‡∞™‡±ç‡∞∞‡±à‡∞µ‡±á‡∞ü‡±Ä‡∞ï‡∞∞‡∞£ ‡∞ö‡±Ü‡∞Ø‡±ç‡∞Ø‡∞ü‡∞æ‡∞®‡∞ø‡∞ï‡∞ø ‡∞ü‡±Ä‡∞°‡±Ä‡∞™‡±Ä Govt ‡∞∏‡∞ø‡∞¶‡±ç‡∞ß‡∞™‡∞°‡±Å‡∞§‡±Å‡∞Ç‡∞¶‡∞ø. , 0
"‡∞¨‡±ä‡∞ó‡±ç‡∞ó‡±Å, ‡∞ú‡∞¨‡±ç‡∞¨‡±Å‡∞≤‡±Å ‡∞Æ‡∞æ‡∞ï‡∞æ?? ‡∞°‡∞¨‡±ç‡∞¨‡±Å‡∞≤‡±Å ‡∞µ‡∞æ‡∞∞‡∞ø‡∞ï‡∞æ??  ‡∞Ö‡∞®‡∞ø ‡∞µ‡∞ø‡∞∂‡∞æ‡∞ñ ‡∞ú‡∞ø‡∞≤‡±ç‡∞≤‡∞æ ‡∞™‡±ã‡∞∞‡±ç‡∞ü‡±ç ‡∞ï‡∞æ‡∞≤‡±Å‡∞∑‡±ç‡∞Ø ‡∞¨‡∞æ‡∞ß‡∞ø‡∞§‡±Å‡∞≤‡±Å ‡∞®‡∞®‡±ç‡∞®‡±Å ‡∞Ö‡∞°‡∞ø‡∞ó‡∞æ‡∞∞‡±Å. ", 0
Exploitation of UttaraAndhra , 0
"‡∞Ü ‡∞™‡±Å‡∞∏‡±ç‡∞§‡∞ï‡∞æ‡∞≤‡∞ø‡∞®‡∞ø ‡∞™‡∞Ç‡∞™‡∞ø‡∞®  ‡∞™‡±Ü‡∞¶‡±ç‡∞¶‡∞≤‡∞ï‡∞ø,‡∞Ö‡∞Ç‡∞¶‡∞ø‡∞Ç‡∞ö‡∞ø‡∞® ‡∞Æ‡∞æ‡∞¶‡∞ø‡∞ó ‡∞ï‡±Å‡∞≤ ‡∞®‡±á‡∞§‡∞≤‡∞ï‡∞ø, ‡∞Æ‡±á‡∞ß‡∞æ‡∞µ‡±Å‡∞≤‡∞ø‡∞ï‡∞ø ‡∞®‡∞æ ‡∞π‡±É‡∞¶‡∞Ø‡∞™‡±Ç‡∞∞‡±ç‡∞µ‡∞ï ‡∞ß‡∞®‡±ç‡∞Ø‡∞µ‡∞æ‡∞¶‡∞æ‡∞≤‡±Å.. ", 2
"‡∞µ‡∞ø‡∞∂‡±ç‡∞µ‡∞®‡∞∞‡±Å‡∞°‡±Å ‡∞Æ‡∞π‡∞æ‡∞®‡±ç‡∞®‡±ã‡∞§ ‡∞Æ‡∞æ‡∞®‡∞µ‡∞§‡∞æ‡∞Æ‡±Ç‡∞∞‡±ç‡∞§‡∞ø,‡∞Æ‡∞π‡∞æ‡∞ï‡∞µ‡∞ø ‚Äò‡∞ú‡∞æ‡∞∑‡±Å‡∞µ‡∞æ‚Äô‡∞ó‡∞æ‡∞∞‡∞ø‡∞ï‡∞ø üôè ", 2
Poem from Poet of modern India ‚Äò Seshendra‚Äô , 1
"(Cont..) it Might lead to movement of ‚ÄòIdentity politics like telengana statehood,Brexit ,Catalonia nationhood (or) like an Egypt Arab spring revolution overthrowing a dictator of decades. What is in store for backward regions of AP we have to wait &amp; see..", 0
"As individuals socio-political awareness increases they realise the injustice meted out to them in socio-economic-political development then,it will lead to social unrest &amp; depending up on the  native social-cultural- political landscape(cont..)", 0
